{
  "standard_fl": {
    "accuracy_history": [
      0.388,
      0.504,
      0.494,
      0.502,
      0.486,
      0.476,
      0.484,
      0.536,
      0.542,
      0.506,
      0.504,
      0.506,
      0.514,
      0.516,
      0.5,
      0.504,
      0.48,
      0.394,
      0.428,
      0.44,
      0.458,
      0.492,
      0.462,
      0.496,
      0.588,
      0.634,
      0.578,
      0.638,
      0.686,
      0.644,
      0.6,
      0.616,
      0.618,
      0.634,
      0.638,
      0.694,
      0.722,
      0.682,
      0.682,
      0.684,
      0.692,
      0.714,
      0.722,
      0.736,
      0.698,
      0.68,
      0.688,
      0.662,
      0.708,
      0.678
    ],
    "final_accuracy": 0.678
  },
  "trust_fl": {
    "accuracy_history": [
      0.46,
      0.67,
      0.67,
      0.658,
      0.664,
      0.686,
      0.704,
      0.71,
      0.716,
      0.708,
      0.726,
      0.732,
      0.748,
      0.76,
      0.78,
      0.794,
      0.788,
      0.798,
      0.818,
      0.818,
      0.824,
      0.836,
      0.842,
      0.848,
      0.85,
      0.86,
      0.87,
      0.874,
      0.878,
      0.878,
      0.88,
      0.88,
      0.886,
      0.898,
      0.9,
      0.904,
      0.91,
      0.918,
      0.918,
      0.918,
      0.916,
      0.916,
      0.92,
      0.924,
      0.926,
      0.926,
      0.928,
      0.93,
      0.928,
      0.932
    ],
    "trust_history": [
      1.0,
      1.0,
      0.9523582089552238,
      0.9345547293383827,
      0.9345547293383827,
      0.9264782368010692,
      0.9264782368010692,
      0.9100208281708824,
      0.9100208281708824,
      0.8999369859483741,
      0.8949331407674987,
      0.8949331407674987,
      0.8861919084911511,
      0.8861919084911511,
      0.8861919084911511,
      0.8861919084911511,
      0.8797669518078681,
      0.8797669518078681,
      0.8797669518078681,
      0.8345469029081125,
      0.836087245206401,
      0.8386020516250875,
      0.8352339184778022,
      0.836856939672885,
      0.8334033874971034,
      0.8363164463995858,
      0.8385928212501907,
      0.8354537601492815,
      0.8265119959537742,
      0.8034876561371215,
      0.80087325473517,
      0.7945812058573116,
      0.7979076180034934,
      0.798632861759619,
      0.7773738875474171,
      0.7639445374196148,
      0.7612745898091292,
      0.7609001183728057,
      0.7168185856731377,
      0.6745334183414009,
      0.640147333677829,
      0.6266270155298251,
      0.6284814238024066,
      0.630061638076216,
      0.6204376932797963,
      0.602689007916584,
      0.5960875611014937,
      0.573209575071602,
      0.5462340913520671,
      0.5474727786470396
    ],
    "final_accuracy": 0.932,
    "client_trust_scores": {
      "0": 0.19153948656813555,
      "1": 0.23540817100936007,
      "2": 0.168391378579867,
      "3": 0.5173959132131493,
      "4": 0.5139426934883853,
      "5": 0.7450075248282281,
      "6": 0.31961676573037634,
      "7": 0.6661277696579555,
      "8": 0.6913006475702865,
      "9": 0.5866087846447542,
      "10": 0.7519131185771446,
      "11": 0.6179619666378453,
      "12": 0.6273523104017741,
      "13": 0.6272247406770981,
      "14": 0.7402333841210998,
      "15": 0.5422098853736471,
      "16": 0.4080832982244581,
      "17": 0.6171886194780966,
      "18": 0.82348971542162,
      "19": 0.5584593987375118
    },
    "client_selection_counts": {
      "0": 4,
      "1": 5,
      "2": 4,
      "3": 29,
      "4": 29,
      "5": 33,
      "6": 32,
      "7": 27,
      "8": 22,
      "9": 32,
      "10": 32,
      "11": 27,
      "12": 29,
      "13": 28,
      "14": 28,
      "15": 25,
      "16": 29,
      "17": 28,
      "18": 29,
      "19": 28
    }
  },
  "configuration": {
    "num_clients": 20,
    "num_good": 12,
    "num_noisy": 5,
    "num_malicious": 3,
    "num_rounds": 50,
    "clients_per_round": 10
  }
}